"","vol","A254","A280"
"1",0,0.0998437825962901,0.177654184028506
"2",0.024024024024024,0.204338669516146,0.178654812462628
"3",0.048048048048048,0.0724272697791457,-0.00912389270961286
"4",0.0720720720720721,-0.0405529932212084,-0.0381979712285102
"5",0.0960960960960961,-0.0222979801520705,-0.201861170958728
"6",0.12012012012012,-0.109479433074594,0.0993563715368509
"7",0.144144144144144,0.0661903182044625,-0.0938478246331214
"8",0.168168168168168,-0.0322317975759506,0.064716725796461
"9",0.192192192192192,-0.0558253061026335,-0.35986141199246
"10",0.216216216216216,0.0668712556082755,-0.154042478743941
"11",0.24024024024024,0.140501398891211,-0.328007909096777
"12",0.264264264264264,-0.123373936833814,-0.104734755866229
"13",0.288288288288288,0.188648982858285,0.144509144779295
"14",0.312312312312312,0.0196847636252642,0.0449738394469023
"15",0.336336336336336,0.0542365146521479,0.118501416314393
"16",0.36036036036036,0.0305149041395634,0.18952305521816
"17",0.384384384384384,-0.0247001026850194,-0.316757946182042
"18",0.408408408408408,0.121837514787912,0.20986747937277
"19",0.432432432432432,-0.129176102345809,0.00629563992843032
"20",0.456456456456456,0.0757071156799793,-0.0700629872269928
"21",0.48048048048048,-0.113460775185376,0.149718639161438
"22",0.504504504504504,-0.0599664778169244,-0.0264568605460226
"23",0.528528528528528,-0.113794114496559,-0.0202725828625262
"24",0.552552552552553,0.0124671299289912,-0.0156974979676306
"25",0.576576576576577,-0.145831490019336,-0.0359905972145498
"26",0.600600600600601,0.0971830074954778,-0.0306584371253848
"27",0.624624624624625,0.134691093796864,-0.120526635181159
"28",0.648648648648649,-0.171630121218041,0.315447422675788
"29",0.672672672672673,0.0541230523400009,0.0434024137444794
"30",0.696696696696697,0.190118745910004,0.267319404799491
"31",0.720720720720721,0.122678200127557,-0.210463387612253
"32",0.744744744744745,0.202817822303623,-0.250194682739675
"33",0.768768768768769,0.082898757988587,0.0641156954690814
"34",0.792792792792793,-0.136403873646632,0.182304672431201
"35",0.816816816816817,-0.0287797425314784,0.0411095311865211
"36",0.840840840840841,-0.168178985733539,-0.132566616684198
"37",0.864864864864865,0.100681194346398,0.0763808229006827
"38",0.888888888888889,0.0707866988424212,-0.0360749680548906
"39",0.912912912912913,0.0223499908577651,0.353214728552848
"40",0.936936936936937,0.156045657843351,-0.0154791723005474
"41",0.960960960960961,1.66393816470808e-06,0.0882660761475563
"42",0.984984984984985,0.0338713150564581,0.00902700386941432
"43",1.00900900900901,-0.102469343561679,0.120372877456248
"44",1.03303303303303,-0.161892920816317,-0.226137950923294
"45",1.05705705705706,0.13095803626813,-0.0943205489777028
"46",1.08108108108108,-0.187468985151499,-0.0386187877506018
"47",1.10510510510511,0.108176236534491,-0.139743148628622
"48",1.12912912912913,0.0268868489004671,0.00489618191495539
"49",1.15315315315315,0.0378661392256617,-0.0454611794091761
"50",1.17717717717718,-0.061454864507541,0.00579392230138179
"51",1.2012012012012,-0.181279943706468,0.0158607971854508
"52",1.22522522522523,0.0541836136300117,0.154323016107082
"53",1.24924924924925,0.00674989031627773,0.0195826887153089
"54",1.27327327327327,-0.137471230402589,-0.267324986681342
"55",1.2972972972973,0.153800526997074,-0.18879174310714
"56",1.32132132132132,-0.171457995958626,-0.289219323080033
"57",1.34534534534535,-0.0170761714503169,-0.177689883019775
"58",1.36936936936937,0.139380287285894,-0.148410164564848
"59",1.39339339339339,0.0166376100387424,0.103058608341962
"60",1.41741741741742,-0.0635720837581903,-0.266402819287032
"61",1.44144144144144,0.0133682124782354,0.0298366471193731
"62",1.46546546546547,-0.126123277032748,0.0520614828914404
"63",1.48948948948949,0.0728788734972477,-0.321820276323706
"64",1.51351351351351,-0.0706130866147578,-0.214763897750527
"65",1.53753753753754,-0.146091349599883,-0.0408789723180234
"66",1.56156156156156,0.00760292528197169,-0.0187645642086863
"67",1.58558558558559,-0.0137227179016918,0.111420945264399
"68",1.60960960960961,-0.126377686234191,-0.155637689959258
"69",1.63363363363363,0.0303015816584229,0.19280045107007
"70",1.65765765765766,0.130596605911851,0.185997681878507
"71",1.68168168168168,-0.183413577713072,-0.0911697842180728
"72",1.70570570570571,0.0304587172623724,0.0720543130300939
"73",1.72972972972973,0.151823778524995,-0.0223329671658576
"74",1.75375375375375,0.0288182651530951,0.144264449179172
"75",1.77777777777778,-0.0142332583852112,0.18324891878292
"76",1.8018018018018,0.1419118580129,-0.192527615930885
"77",1.82582582582583,0.107933450592682,0.25537144606933
"78",1.84984984984985,-0.148615260953084,-0.140661145653576
"79",1.87387387387387,-0.168846138613299,-0.243366474658251
"80",1.8978978978979,0.107937441598624,-0.0311422779224813
"81",1.92192192192192,-0.205993146728724,0.174974033143371
"82",1.94594594594595,0.120851753717288,0.291002319101244
"83",1.96996996996997,0.0587828273978084,-0.281678769271821
"84",1.99399399399399,0.192216875841841,-0.0271365500986576
"85",2.01801801801802,0.149826970975846,-0.0624352758750319
"86",2.04204204204204,-0.0955952072981745,0.209596315212548
"87",2.06606606606607,-0.206311377007514,-0.185480754263699
"88",2.09009009009009,0.0643032173532992,0.0835543498396873
"89",2.11411411411411,0.0530424721539021,-0.0232155785895884
"90",2.13813813813814,0.165631065350026,-0.337530663982034
"91",2.16216216216216,-0.133207771480083,-0.237274490296841
"92",2.18618618618619,0.167046917770058,0.0986659551039338
"93",2.21021021021021,-0.0952056851051748,0.0829152943566441
"94",2.23423423423423,0.0640120823215693,-0.0399744840338826
"95",2.25825825825826,-0.140200045462698,-0.00104482248425486
"96",2.28228228228228,0.0918802277930081,0.0964957321062683
"97",2.30630630630631,-0.043236540062353,0.179330286476761
"98",2.33033033033033,0.0287771662790328,0.121036548167467
"99",2.35435435435435,-0.0250711821485311,0.212806147709489
"100",2.37837837837838,-0.187764515504241,0.0584829962812364
"101",2.4024024024024,0.192265825634822,0.325025628879666
"102",2.42642642642643,-0.0612276561651379,0.235377507749945
"103",2.45045045045045,0.123563687512651,0.284751559328288
"104",2.47447447447447,-0.119055132288486,0.0743568973615765
"105",2.4984984984985,0.161821532286704,0.187986990716308
"106",2.52252252252252,-0.137352629052475,0.205966762825847
"107",2.54654654654655,0.167532585244626,0.0180584263987839
"108",2.57057057057057,-0.0675717495381832,0.116493588127196
"109",2.59459459459459,0.169967449754477,0.0118672294542193
"110",2.61861861861862,0.142371837235987,-0.0629743441008031
"111",2.64264264264264,0.0952948309015483,0.181958718784153
"112",2.66666666666667,-0.0531824938394129,0.168018923420459
"113",2.69069069069069,0.0952666084840894,0.0326155532151461
"114",2.71471471471471,0.106490962374955,0.241103808581829
"115",2.73873873873874,-0.103506898703054,-0.078431499749422
"116",2.76276276276276,0.0329299819003791,-0.030233400221914
"117",2.78678678678679,0.0520996526163071,-0.0118327862583101
"118",2.81081081081081,-0.132681778790429,0.334146964456886
"119",2.83483483483483,0.0783783885464072,0.0341167377308011
"120",2.85885885885886,0.150387345617637,-0.021139251254499
"121",2.88288288288288,-0.0165067915618419,0.31698857517913
"122",2.90690690690691,-0.19990926714614,0.345199221000075
"123",2.93093093093093,-0.00431947061792015,-0.0710391467437148
"124",2.95495495495495,0.0651406805962324,0.175197246484458
"125",2.97897897897898,-0.120336267957464,0.0563539705239236
"126",3.003003003003,-0.0111694926582277,0.0960556227713823
"127",3.02702702702703,-0.0258978969044983,0.0597823080606758
"128",3.05105105105105,-0.141298837484792,-0.163713839743286
"129",3.07507507507508,-0.0203715223725885,0.133200397808105
"130",3.0990990990991,-0.000367102408781649,-0.114459211751819
"131",3.12312312312312,-0.101190372779965,-0.198417826369405
"132",3.14714714714715,-0.134077543010935,-0.0665332004427909
"133",3.17117117117117,0.0175910675246269,-0.134791495651007
"134",3.1951951951952,0.126221147701144,0.206163895037025
"135",3.21921921921922,0.191485390830785,-0.182756204996258
"136",3.24324324324324,0.139533216906711,-0.0793392443098127
"137",3.26726726726727,0.182938449978828,0.241881106607616
"138",3.29129129129129,-0.161009413935244,-0.306023813970387
"139",3.31531531531532,0.0471903173811734,-0.227613365091383
"140",3.33933933933934,-0.0189506068732589,0.0520700768567622
"141",3.36336336336336,-0.021283515682444,-0.110702961310744
"142",3.38738738738739,-0.020818813033402,0.124984766729176
"143",3.41141141141141,0.0163934134878218,-0.214407775830477
"144",3.43543543543544,0.0395797149837017,0.118034023419023
"145",3.45945945945946,-0.0978894759621471,0.0119468078948557
"146",3.48348348348348,0.00722005903720855,0.0271391620859504
"147",3.50750750750751,0.0878464217390865,0.106384515669197
"148",3.53153153153153,0.0879242907930165,-0.0344518081285059
"149",3.55555555555556,0.1237358254008,-0.0842479313723743
"150",3.57957957957958,0.190422783270478,-0.0560972867533565
"151",3.6036036036036,0.0965604504290968,0.0571634854190051
"152",3.62762762762763,-0.0101187223568559,-0.117344762105495
"153",3.65165165165165,0.188281995998695,-0.0243278175592422
"154",3.67567567567568,-0.107618512148038,-0.1632473542355
"155",3.6996996996997,-0.0638034568727016,-0.0808633205480873
"156",3.72372372372372,-0.0348642453923821,-0.38751237699762
"157",3.74774774774775,0.00401537656784057,-0.105553250852972
"158",3.77177177177177,-0.0690794568229466,-0.00462834471836684
"159",3.7957957957958,0.105587953971699,-0.155185448564589
"160",3.81981981981982,0.129500680593774,-0.0658987490460276
"161",3.84384384384384,0.104991741040722,-0.217184296995401
"162",3.86786786786787,-0.155931785358116,-0.200330862123519
"163",3.89189189189189,0.161325734481215,-0.0772319164127111
"164",3.91591591591592,0.0632543690688908,0.318494196794927
"165",3.93993993993994,0.109260145593435,0.13170443829149
"166",3.96396396396396,-0.0461900859791785,-0.122566562425345
"167",3.98798798798799,-0.174156102929264,-0.182333708647638
"168",4.01201201201201,0.112674122191966,-0.0376774224452674
"169",4.03603603603604,-0.0154668355174363,-0.308464462216943
"170",4.06006006006006,-0.0479223828390241,-0.0197584375739097
"171",4.08408408408408,0.109342758618295,0.0246743955649435
"172",4.10810810810811,0.134265734739602,-0.315976713597774
"173",4.13213213213213,0.149470619242638,-0.160343928355724
"174",4.15615615615616,0.106958336969838,-0.276598549913615
"175",4.18018018018018,0.027328478069976,-0.0257528958842158
"176",4.2042042042042,0.0570441200118512,0.0622281339950859
"177",4.22822822822823,-0.0135354513116181,0.147822696622461
"178",4.25225225225225,-0.0301904226001352,0.162315253075212
"179",4.27627627627628,-0.0140806085988879,0.15092510683462
"180",4.3003003003003,-0.151369231538847,0.0688154267147183
"181",4.32432432432432,0.204976813364774,-0.00686518475413322
"182",4.34834834834835,-0.153311234265566,-0.154912412166595
"183",4.37237237237237,-0.019522434938699,0.118576542753726
"184",4.3963963963964,0.157008774625137,0.102001188043505
"185",4.42042042042042,-0.134511725138873,-0.225168886501342
"186",4.44444444444444,-0.0510154280997813,-0.133929744921625
"187",4.46846846846847,-0.147316314475611,-0.289256040658802
"188",4.49249249249249,-0.034520600317046,0.034370872657746
"189",4.51651651651652,-0.0077623944915831,0.0662204426713288
"190",4.54054054054054,-0.0277749331481755,-0.185419435240328
"191",4.56456456456456,0.122967390026897,-0.0388619733043015
"192",4.58858858858859,-0.197376011330634,-0.00928023289889096
"193",4.61261261261261,0.121494231363758,0.266602596454322
"194",4.63663663663664,0.035578547520563,-0.213426725473255
"195",4.66066066066066,-0.115017084125429,-0.182336562685668
"196",4.68468468468468,0.0298347634915262,-0.149314111191779
"197",4.70870870870871,-0.0819479811843484,-0.0468665121123195
"198",4.73273273273273,-0.0563921437226236,0.086414360627532
"199",4.75675675675676,-0.0588525986392051,0.115116489026695
"200",4.78078078078078,-0.191017585527152,-0.0054470301605761
"201",4.8048048048048,0.0187318127322942,-0.349055571109056
"202",4.82882882882883,0.0162835378758609,0.328229808341712
"203",4.85285285285285,0.088640365274623,0.248217911459505
"204",4.87687687687688,-0.135090551124886,-0.0990841512568295
"205",4.9009009009009,0.149160547079518,0.175525438413024
"206",4.92492492492492,0.154277719967067,0.120913194306195
"207",4.94894894894895,-0.0954039343167096,0.0204204432666302
"208",4.97297297297297,-0.034255934311077,-0.0691885441541671
"209",4.996996996997,-0.0504511177353561,-0.00955607192590835
"210",5.02102102102102,-0.132641325099394,-0.0310969712212682
"211",5.04504504504505,0.0403963533043861,0.229599337745458
"212",5.06906906906907,0.093188955374062,-0.0678197386674582
"213",5.09309309309309,0.088871993413195,-0.0556799225509166
"214",5.11711711711712,0.0239436365664005,0.0420600853860378
"215",5.14114114114114,-0.152703732149675,-0.145289684459567
"216",5.16516516516517,-0.111031394684687,0.0168580367229879
"217",5.18918918918919,-0.0345049454178661,0.312334425467998
"218",5.21321321321321,-0.197303317245096,0.012279209215194
"219",5.23723723723724,0.0625455900933593,-0.152112787868828
"220",5.26126126126126,-0.00483902542851865,-0.243156662676483
"221",5.28528528528529,0.0930427139624953,0.211178938765079
"222",5.30930930930931,-0.081761653618887,0.0481531480327248
"223",5.33333333333333,0.0675009848922491,-0.116018170304596
"224",5.35735735735736,0.110973147982731,0.0932486408390104
"225",5.38138138138138,-0.118903072690591,-0.0636686407029629
"226",5.40540540540541,-0.0314030909817666,-0.143515548296273
"227",5.42942942942943,-0.0540865895710885,-0.0279602923430502
"228",5.45345345345345,0.127760349158198,-0.180360733810812
"229",5.47747747747748,-0.0585570781771093,-0.0305750192143023
"230",5.5015015015015,0.195764524806291,0.154229283332825
"231",5.52552552552553,-0.0507789035048336,0.200481506995857
"232",5.54954954954955,0.0457821003068238,-0.0753626052290201
"233",5.57357357357357,0.139781207796186,0.046628647018224
"234",5.5975975975976,0.0632268166448921,-0.124309284798801
"235",5.62162162162162,-0.122253181152046,0.181584022939205
"236",5.64564564564565,-0.156851278031245,0.0137432429939508
"237",5.66966966966967,-0.111920829024166,-0.198796301335096
"238",5.69369369369369,-0.157675552265719,-0.282535225525498
"239",5.71771771771772,-0.111508415229619,0.0611070956103504
"240",5.74174174174174,-0.161105011869222,-0.195270934328437
"241",5.76576576576577,-0.0699857825506478,-0.0682174759916961
"242",5.78978978978979,0.00863231888972222,-0.0144677996635437
"243",5.81381381381381,0.158598977420479,-0.0666710788384079
"244",5.83783783783784,-0.11651625030674,0.0605586983263492
"245",5.86186186186186,0.121814837669954,0.122244118340313
"246",5.88588588588589,-0.0745198429655284,0.186238338053226
"247",5.90990990990991,0.0236744545865804,0.267225990537554
"248",5.93393393393393,-0.10100288069807,-0.0233603054657578
"249",5.95795795795796,-0.122573716491461,-0.0530303820967674
"250",5.98198198198198,0.175745936091989,0.281324127409607
"251",6.00600600600601,-0.151300737792626,0.0116610100492835
"252",6.03003003003003,0.124075230816379,-0.070470998622477
"253",6.05405405405405,-0.163940869159996,0.242917256057262
"254",6.07807807807808,0.0191856784559786,0.0574489921331405
"255",6.1021021021021,-0.00511504851281644,0.0465228084474802
"256",6.12612612612613,-0.0768144572153687,0.25180144906044
"257",6.15015015015015,0.0908642923738807,0.242363444250077
"258",6.17417417417417,-0.00536558428779245,0.274413494300097
"259",6.1981981981982,-0.0287944777216762,-0.15689442101866
"260",6.22222222222222,0.0727042573969811,-0.323459591250866
"261",6.24624624624625,-0.18564748887904,-0.0442016277462244
"262",6.27027027027027,-0.186813573855907,-0.215332432277501
"263",6.29429429429429,-0.0759694083500653,0.218885661941022
"264",6.31831831831832,0.174962311824784,-0.156101800594479
"265",6.34234234234234,-0.079037100309506,0.00538379075005649
"266",6.36636636636637,-0.109968372015282,-0.303362836875021
"267",6.39039039039039,-0.120933685079217,0.0255235270597041
"268",6.41441441441441,0.0327791651897132,-0.287285661324859
"269",6.43843843843844,-0.120119000254199,0.30803829068318
"270",6.46246246246246,-0.0824397746939212,0.0119429246522486
"271",6.48648648648649,0.128111095838249,0.21051657339558
"272",6.51051051051051,0.0537490927707404,-0.058256871253252
"273",6.53453453453453,0.15520206797868,-0.0557631886564195
"274",6.55855855855856,-0.134231441365555,-0.120298265852034
"275",6.58258258258258,0.171954027200118,0.331016753427684
"276",6.60660660660661,0.133042176896706,0.0029990727081895
"277",6.63063063063063,0.120267197536305,-0.0926502168178558
"278",6.65465465465465,-0.183512881370261,-0.0639626412652433
"279",6.67867867867868,0.210879461634904,0.329318152554333
"280",6.7027027027027,0.124411604162306,0.307353333476931
"281",6.72672672672673,-0.107308092461899,0.00106807099655268
"282",6.75075075075075,-0.172118059266359,0.000582329090684619
"283",6.77477477477477,0.164703806554899,0.23447575038299
"284",6.7987987987988,-0.0277074644621462,-0.049640023894608
"285",6.82282282282282,-0.0868788329046219,0.273951620422304
"286",6.84684684684685,0.179477885952219,0.0128063276410103
"287",6.87087087087087,0.172500847168267,-0.267452444508672
"288",6.89489489489489,-0.0874193716235459,0.109890627209097
"289",6.91891891891892,0.0140260018128902,-0.165889592468738
"290",6.94294294294294,-0.17289871650748,-0.0173989803530276
"291",6.96696696696697,0.190949401203543,0.011059547867626
"292",6.99099099099099,-0.0621565591916442,0.291584076732397
"293",7.01501501501502,0.00674699545837939,0.0411578475497663
"294",7.03903903903904,0.11426664060913,-0.165427519101649
"295",7.06306306306306,0.0165855380613357,-0.326414335239678
"296",7.08708708708709,-0.0145956822391599,-0.151666482537985
"297",7.11111111111111,-0.0663628227356821,-0.298058333806693
"298",7.13513513513514,-0.0524304622225463,-0.264803393930197
"299",7.15915915915916,-0.051213365457952,-0.0436897537671029
"300",7.18318318318318,-0.121530540687963,-0.173955802060664
"301",7.20720720720721,0.143923573913053,-0.0967736396938562
"302",7.23123123123123,-0.0752039268426597,-0.0826664688065648
"303",7.25525525525526,-0.161344218272716,0.214895887486637
"304",7.27927927927928,-0.0323928272724151,-0.120008365064859
"305",7.3033033033033,-0.16166812626645,0.125248620379716
"306",7.32732732732733,0.181705199144781,0.120407637115568
"307",7.35135135135135,-0.188168793786317,0.142575083207339
"308",7.37537537537538,0.00221161089837551,0.165040013939142
"309",7.3993993993994,0.0753149465937168,0.232703778054565
"310",7.42342342342342,-0.177608739621937,0.142040012031794
"311",7.44744744744745,-0.0264913621824235,-0.218435576651245
"312",7.47147147147147,0.0387105844076723,0.207612112164497
"313",7.4954954954955,-0.0391803866066038,0.0717474815435707
"314",7.51951951951952,-0.136759717334062,-0.0823397746309637
"315",7.54354354354354,-0.0849434209242463,0.0532418176531791
"316",7.56756756756757,0.160362644298002,0.0152174935676157
"317",7.59159159159159,0.0355922145303339,-0.0786684758029878
"318",7.61561561561562,0.00620227360166609,0.274863552395254
"319",7.63963963963964,-0.173943046508357,-0.0485992074944079
"320",7.66366366366366,0.0582967499829829,0.243638856336474
"321",7.68768768768769,0.0485947373975068,-0.0482338923029601
"322",7.71171171171171,0.150325076365843,-0.0527545192278921
"323",7.73573573573574,-0.114652373464778,0.0343611063435673
"324",7.75975975975976,0.17064677442424,0.221957276482135
"325",7.78378378378378,-0.176615981217474,0.308832721132785
"326",7.80780780780781,-0.0444893988873809,0.247807630337775
"327",7.83183183183183,-0.0818501826748252,-0.337053788267076
"328",7.85585585585586,-0.185684844907373,-0.369699988886714
"329",7.87987987987988,-0.0840891315694898,-0.0493474318645894
"330",7.9039039039039,0.165147772533819,0.105649274028838
"331",7.92792792792793,-0.197096890220419,0.0280536582693458
"332",7.95195195195195,-0.010771568575874,0.220268678572029
"333",7.97597597597598,0.183914936026558,-0.139805916137993
"334",8,-0.119957417966798,-0.0634652335196733
"335",8.02402402402402,0.0845520396344364,-0.313517537806183
"336",8.04804804804805,-0.0429738534800708,-0.230032090097666
"337",8.07207207207207,0.15751333844848,0.0112498488277197
"338",8.0960960960961,-0.180836038449779,0.168403338082135
"339",8.12012012012012,-0.164742258405313,-0.126672857720405
"340",8.14414414414414,0.0594408796727657,0.206984503287822
"341",8.16816816816817,0.0767489705327898,-0.125012986920774
"342",8.19219219219219,-0.0417906674928963,0.00790131743997334
"343",8.21621621621622,-0.0379626700468361,-0.162817723117769
"344",8.24024024024024,0.154582843612879,-0.147184306103736
"345",8.26426426426426,-0.177202813606709,-0.150669391918927
"346",8.28828828828829,0.0565895783901215,-0.054084535408765
"347",8.31231231231231,-0.211972211031243,0.239850527886301
"348",8.33633633633634,0.123086851276457,0.0302867442369461
"349",8.36036036036036,0.0224798496440053,-0.215256101544946
"350",8.38438438438438,0.0962831151951104,0.0602325298823416
"351",8.40840840840841,-0.0859035263489932,0.276887523103505
"352",8.43243243243243,-0.182434217100963,-0.041055980976671
"353",8.45645645645646,0.0288564243540168,-0.0532080124132335
"354",8.48048048048048,0.0603201771341264,-0.178721875976771
"355",8.5045045045045,0.0968373894970864,0.0657333725132048
"356",8.52852852852853,0.0754343089647591,0.307197477668524
"357",8.55255255255255,-0.0333145045582205,0.0568557532504201
"358",8.57657657657658,0.192815768308938,0.0758282259106635
"359",8.6006006006006,-0.0786209857836365,0.0105117447674274
"360",8.62462462462462,-0.0340863175038248,-0.1730090001598
"361",8.64864864864865,-0.0983634336665273,-0.116973029077053
"362",8.67267267267267,-0.171346331061795,0.307780082896352
"363",8.6966966966967,-0.128764425255358,-0.166524491738528
"364",8.72072072072072,0.0721409575454891,0.223268357943743
"365",8.74474474474474,-0.0776151968725025,0.200339164771139
"366",8.76876876876877,0.215352427987382,0.101514801383018
"367",8.79279279279279,0.118089226847514,-0.211449004523456
"368",8.81681681681682,-0.111616484075785,0.0733660373836756
"369",8.84084084084084,-0.0226189123559743,0.244804874807596
"370",8.86486486486486,-0.186744127050042,0.180367275048047
"371",8.88888888888889,0.161295162001625,-0.0790344789624214
"372",8.91291291291291,0.0193631235789508,-0.130861020646989
"373",8.93693693693694,0.172689460264519,0.242323002591729
"374",8.96096096096096,-0.117731489175931,0.164392249379307
"375",8.98498498498498,-0.0984719011001289,0.131826231628656
"376",9.00900900900901,-0.116463475571945,0.127136244531721
"377",9.03303303303303,0.0139102229848504,-0.0923043661750853
"378",9.05705705705706,-0.0225105085410178,0.149920471291989
"379",9.08108108108108,-0.101681235237047,0.247272531874478
"380",9.10510510510511,-0.0569057182688266,0.0786365028470754
"381",9.12912912912913,-0.0084786473121494,-0.0793966203927993
"382",9.15315315315315,0.0537924604024738,-0.0687174838967621
"383",9.17717717717718,0.164188205366954,0.0440236984752118
"384",9.2012012012012,0.10864044691436,-0.362825812492519
"385",9.22522522522523,0.0470349004026502,0.00593929607421162
"386",9.24924924924925,-0.102303559090942,-0.0853725854307413
"387",9.27327327327327,0.149824903644621,-0.0587783287279307
"388",9.2972972972973,-0.185344640389085,-0.148427168652415
"389",9.32132132132132,-0.0969793165195733,0.210354488622397
"390",9.34534534534535,-0.134863703865558,-0.0691045108251273
"391",9.36936936936937,0.0606394689995795,-0.21113521726802
"392",9.39339339339339,0.0902230686508119,-0.0336471793241799
"393",9.41741741741742,0.186683375965804,0.0399189944379031
"394",9.44144144144144,0.15170044160448,-0.178249489050358
"395",9.46546546546547,-0.187166070789099,0.028970442712307
"396",9.48948948948949,0.134101899908856,-0.011682019289583
"397",9.51351351351351,0.0902715033572167,-0.327058254927397
"398",9.53753753753754,0.142284797830507,0.0205140454694629
"399",9.56156156156156,0.166709597157314,0.0450529205612838
"400",9.58558558558559,0.00804305444471537,-0.170485606230795
"401",9.60960960960961,0.0115359989926219,-0.26256044479087
"402",9.63363363363363,-0.0943947874661535,0.0822449462488293
"403",9.65765765765766,-0.0332959366962313,0.156263342313468
"404",9.68168168168168,-0.0597830027434975,-0.0227483752183616
"405",9.70570570570571,0.0675235190056264,-0.00637147258967162
"406",9.72972972972973,-0.0386981617845595,-0.148055920284241
"407",9.75375375375375,0.0534964544605464,0.00627855379134416
"408",9.77777777777778,-0.0965359952580183,-0.141529532987624
"409",9.8018018018018,-0.00184376809746028,-0.145078129786998
"410",9.82582582582583,0.0217835738882423,-0.052412979491055
"411",9.84984984984985,0.100382658522576,0.0582176828756928
"412",9.87387387387387,-0.0708037783019244,0.246731759887189
"413",9.8978978978979,-0.0116355840209871,0.0211863863281905
"414",9.92192192192192,0.10845323308371,-0.00648698052391411
"415",9.94594594594595,-0.163832945711911,0.0101908656768501
"416",9.96996996996997,-0.0888943151943385,-0.0308462500572204
"417",9.99399399399399,0.184928756915033,-0.211515429709107
"418",10.018018018018,-0.00571386344730853,-0.0528520906344056
"419",10.042042042042,0.176191384689882,0.0773621395230293
"420",10.0660660660661,0.0395186301413923,0.108276685513556
"421",10.0900900900901,-0.118804311910644,0.0541442815214395
"422",10.1141141141141,-0.0467712105344981,0.0421893232502043
"423",10.1381381381381,-0.126953355958685,-0.297389084193855
"424",10.1621621621622,0.0756873364467174,-0.304193550068885
"425",10.1861861861862,0.0632077117357403,-0.331390005815774
"426",10.2102102102102,-0.00271675993688405,-0.121470257081091
"427",10.2342342342342,0.164629081981257,-0.0190092205069959
"428",10.2582582582583,0.0390232120454311,0.220137666072696
"429",10.2822822822823,-0.180211753705516,-0.241814308054745
"430",10.3063063063063,-0.00452784796245395,-0.0645045419223606
"431",10.3303303303303,0.0260519731603563,-0.161129300668836
"432",10.3543543543544,-0.134693363960832,0.181263262964785
"433",10.3783783783784,0.139539333935827,0.27857608711347
"434",10.4024024024024,-0.098383584683761,0.0379207572899759
"435",10.4264264264264,-0.075304037258029,0.370804219692945
"436",10.4504504504505,0.148634631289169,0.200956135056913
"437",10.4744744744745,0.00345043865032493,0.00423426423221827
"438",10.4984984984985,0.0119983240682632,-0.366880156192928
"439",10.5225225225225,-0.17428291304037,-0.141226938553154
"440",10.5465465465465,0.0987685502506792,0.130687209777534
"441",10.5705705705706,0.13646154214628,-0.0146110425703228
"442",10.5945945945946,0.0558200989663601,-0.302211735490709
"443",10.6186186186186,0.140266141723841,-0.196052495203912
"444",10.6426426426426,0.0941041598189622,-0.261180045735091
"445",10.6666666666667,-0.0194021849893033,0.306784569006413
"446",10.6906906906907,0.0554144613258541,-0.289280463289469
"447",10.7147147147147,-0.0445810770522803,0.0617966561578214
"448",10.7387387387387,0.174453465687111,0.0549089194275438
"449",10.7627627627628,-0.0975515267718583,0.2232761034742
"450",10.7867867867868,0.15079890338704,0.0349210355430842
"451",10.8108108108108,0.0820155376195908,0.176474087312817
"452",10.8348348348348,0.196238379254937,-0.0218848725780845
"453",10.8588588588589,0.0541227053944021,-0.233902223594487
"454",10.8828828828829,-0.1109860915225,-0.00501234224066138
"455",10.9069069069069,-0.101383016733453,-0.267627261206508
"456",10.9309309309309,0.0615877775102854,-0.221796427853405
"457",10.954954954955,-0.072487452365458,-0.338819881435484
"458",10.978978978979,0.0738415788393467,-0.304264680482447
"459",11.003003003003,-0.163733173860237,0.167260745726526
"460",11.027027027027,0.153641047896817,0.0338157845661044
"461",11.0510510510511,-0.186855723103508,-0.0647930937819182
"462",11.0750750750751,-0.0936922460608184,0.00383546520024539
"463",11.0990990990991,0.0539546143822372,-0.127391578350216
"464",11.1231231231231,-0.0429526768811047,0.0965733758173882
"465",11.1471471471471,0.121791371591389,0.0653055352158844
"466",11.1711711711712,-0.145094691710547,0.0770048595033586
"467",11.1951951951952,0.0828815791290253,0.161595820169896
"468",11.2192192192192,0.179487172793597,-0.288648117613047
"469",11.2432432432432,-0.128059976352379,0.29227364808321
"470",11.2672672672673,-0.000539934113621712,0.346246292628348
"471",11.2912912912913,0.141352741587907,0.152602230478078
"472",11.3153153153153,0.167374898558482,0.111203487217426
"473",11.3393393393393,0.147955093132332,-0.149296436738223
"474",11.3633633633634,-0.0442252974025905,0.118556515406817
"475",11.3873873873874,0.04292559501715,-0.145146147347987
"476",11.4114114114114,0.0233303989004344,0.0293489064089954
"477",11.4354354354354,-0.0897770502418279,0.0863595023751259
"478",11.4594594594595,-0.1873381198477,0.24629382789135
"479",11.4834834834835,0.0178746807575226,-0.247544318623841
"480",11.5075075075075,0.0755182861629873,0.146778327412903
"481",11.5315315315315,0.137455320637673,-0.0367343877442181
"482",11.5555555555556,-0.0393469720426947,-0.187168859876692
"483",11.5795795795796,0.0422950768191367,-0.168950260709971
"484",11.6036036036036,-0.0810244383476674,-0.075326535012573
"485",11.6276276276276,0.0293322404287755,-0.0896077547222375
"486",11.6516516516517,-0.14237029842101,0.0248509017750621
"487",11.6756756756757,0.00541161896660923,0.019682406168431
"488",11.6996996996997,0.093731407020241,0.171853530034423
"489",11.7237237237237,0.039444340961054,0.0142522069625557
"490",11.7477477477477,0.17914546051994,0.16265664845705
"491",11.7717717717718,-0.0704328725580126,0.115772344265133
"492",11.7957957957958,-0.135454726032913,0.026516674272716
"493",11.8198198198198,-0.088682874282822,-0.116512751951814
"494",11.8438438438438,0.0546569404006004,-0.202140501700342
"495",11.8678678678679,-0.0186947017069906,-0.0440493213012815
"496",11.8918918918919,0.120912469569594,-0.0579339454881846
"497",11.9159159159159,-0.17635021132417,0.109072539675981
"498",11.9399399399399,-0.0738354326598346,-0.0393456545658409
"499",11.963963963964,-0.0539285396970808,-0.0404160092584789
"500",11.987987987988,0.0608100107591599,-0.163489946350455
"501",12.012012012012,0.0548293357901275,0.280428982805461
"502",12.036036036036,0.206768568027764,-0.0362853586673736
"503",12.0600600600601,-0.0259083879273385,0.228646829165518
"504",12.0840840840841,0.193524806071073,0.034084717463702
"505",12.1081081081081,0.137918653879315,0.201779390405863
"506",12.1321321321321,-0.00725473627448081,0.108598392643034
"507",12.1561561561562,-0.0526218503341079,0.0722393826581537
"508",12.1801801801802,0.130293152444065,-0.0755321886390447
"509",12.2042042042042,0.0979663784150034,-0.0149490268900991
"510",12.2282282282282,0.103784404927865,-0.031837759539485
"511",12.2522522522523,-0.172009828221053,-0.214862431772053
"512",12.2762762762763,-0.194482489787042,-0.25289693409577
"513",12.3003003003003,-0.0539536601025611,-0.325616969261318
"514",12.3243243243243,0.0301566713023931,-0.239666438102722
"515",12.3483483483483,0.0406081366632134,-0.0835007474757731
"516",12.3723723723724,-0.0146651092916727,0.00853467574343084
"517",12.3963963963964,-0.0200445348583162,0.05981619451195
"518",12.4204204204204,-0.0122851835563779,0.0052963038906455
"519",12.4444444444444,-0.0274826434161514,-0.0721430343575775
"520",12.4684684684685,-0.118854209017009,-0.0155349695123732
"521",12.4924924924925,0.156314023025334,0.177763390913606
"522",12.5165165165165,0.0754352031741291,0.0511001555249095
"523",12.5405405405405,-0.0114031005557626,-0.0778138956986368
"524",12.5645645645646,0.206599228139967,-0.150767771154642
"525",12.5885885885886,-0.0146510198153556,0.00630930727347734
"526",12.6126126126126,-0.115442249104381,-0.113480787724256
"527",12.6366366366366,-0.0916671002749354,0.0866913612000644
"528",12.6606606606607,-0.190274502318352,0.208622728101909
"529",12.6846846846847,0.106399569809437,0.0436793690547347
"530",12.7087087087087,-0.0870410727616399,-0.00845022909343243
"531",12.7327327327327,0.111684265844524,-0.292967357113957
"532",12.7567567567568,0.188946722252294,0.0282254775054752
"533",12.7807807807808,0.0413888091221452,0.0906116026453673
"534",12.8048048048048,0.185366483964026,-0.0240268269553781
"535",12.8288288288288,0.131730965040624,0.019582228269428
"536",12.8528528528529,0.0841050881985575,0.0902117626741528
"537",12.8768768768769,-0.00512065173126756,0.115825457312167
"538",12.9009009009009,-0.069701791042462,0.0476125230081379
"539",12.9249249249249,0.126305142976344,-0.121361692529172
"540",12.9489489489489,-0.120282657295465,-0.17825945597142
"541",12.972972972973,0.0786030319519341,0.24860458932817
"542",12.996996996997,0.00190320415422321,-0.157488121371716
"543",13.021021021021,-0.00974778325296939,-0.128212440013885
"544",13.045045045045,-0.118338602725416,0.270185453537851
"545",13.0690690690691,-0.157273568641394,0.0692516655661166
"546",13.0930930930931,-0.0325388305913657,0.128783426992595
"547",13.1171171171171,-0.1353888977319,0.209298522863537
"548",13.1411411411411,-0.071148150768131,0.0932555494830013
"549",13.1651651651652,0.0650348171871155,0.326938051730395
"550",13.1891891891892,0.0353949923440814,0.12387286592275
"551",13.2132132132132,-0.0969952836073935,-0.231033030990507
"552",13.2372372372372,-0.142365699112415,0.290131661016506
"553",13.2612612612613,0.0401003418397159,0.12450508680198
"554",13.2852852852853,0.0711828967370093,0.116131505370236
"555",13.3093093093093,0.101202741377056,0.287652494292973
"556",13.3333333333333,-0.0864233027305454,0.107346968539793
"557",13.3573573573574,-0.17259131799452,0.127326922958841
"558",13.3813813813814,0.112971253031865,-0.257582546579016
"559",13.4054054054054,-0.123813752653077,-0.0325948869670806
"560",13.4294294294294,-0.0326067243423313,-0.00143667502476302
"561",13.4534534534535,0.140159673718736,0.042816198056116
"562",13.4774774774775,0.113232914814725,-0.220740165893334
"563",13.5015015015015,0.128130035419017,0.270535675900985
"564",13.5255255255255,-0.0443024151958525,0.0975052329239986
"565",13.5495495495495,-0.126101191770285,-0.218071651597214
"566",13.5735735735736,0.186347605055198,-0.100430098559557
"567",13.5975975975976,-0.163823032304644,0.0548675724808004
"568",13.6216216216216,0.0970282172411712,0.166030303798557
"569",13.6456456456456,0.0951271433849026,-0.163266525252751
"570",13.6696696696697,0.108140625013097,0.207436836614173
"571",13.6936936936937,-0.183809243403131,0.108170352323466
"572",13.7177177177177,0.171055635633927,0.0459494210808885
"573",13.7417417417417,0.167748796133428,0.375292291536459
"574",13.7657657657658,0.0337174155615173,-0.167888234371845
"575",13.7897897897898,0.196913901918947,0.0786972404480747
"576",13.8138138138138,-0.174350831904201,0.0668328403357808
"577",13.8378378378378,0.154085307989871,-0.200257752592484
"578",13.8618618618619,-0.117634481990349,0.163556729516924
"579",13.8858858858859,-0.00486296845260525,-0.218672362233087
"580",13.9099099099099,0.187359918069909,-0.142184691523391
"581",13.9339339339339,-0.123716610353992,0.151088635501443
"582",13.957957957958,0.0730557206075687,-0.305469637020477
"583",13.981981981982,0.0203990952793562,0.0740332869987097
"584",14.006006006006,0.09652208366156,0.095265969905929
"585",14.03003003003,-0.00349964482837329,0.239708809301267
"586",14.0540540540541,0.177707282967044,-0.387761852030772
"587",14.0780780780781,-0.079866774276989,0.322843679596269
"588",14.1021021021021,-0.0447023970693097,-0.109743978940723
"589",14.1261261261261,-0.146981206138231,-0.172257750130871
"590",14.1501501501502,-0.176882593327885,-0.259909570464322
"591",14.1741741741742,0.149330092755696,-0.113491357587436
"592",14.1981981981982,-0.00479906434499824,0.226857027397824
"593",14.2222222222222,-0.188289604694732,0.390478464487908
"594",14.2462462462462,-0.140152565701952,0.116630048780249
"595",14.2702702702703,0.132939490774316,0.374684231379114
"596",14.2942942942943,0.0126611586914068,0.470777291574318
"597",14.3183183183183,-0.0874263430735964,0.853913208945073
"598",14.3423423423423,0.325720865299969,0.969721758677109
"599",14.3663663663664,0.184162671478141,1.72986831167059
"600",14.3903903903904,0.650211836692118,2.06684945293532
"601",14.4144144144144,0.918214812667964,2.80654347100738
"602",14.4384384384384,1.61002978310539,3.60856647872083
"603",14.4624624624625,2.56452409502795,4.83376449254635
"604",14.4864864864865,3.95002550316434,5.86049970055553
"605",14.5105105105105,5.78385753863003,7.79711950403492
"606",14.5345345345345,8.69994916933273,9.6210072283361
"607",14.5585585585586,12.1947655538233,11.6501575483968
"608",14.5825825825826,17.2664300235444,13.7138319181159
"609",14.6066066066066,23.2151922982135,16.3109861901383
"610",14.6306306306306,30.7482936660673,19.2199669521719
"611",14.6546546546547,39.1616722775118,21.2146128799589
"612",14.6786786786787,48.3962161316443,24.349966773648
"613",14.7027027027027,58.1258383316918,26.7953640531643
"614",14.7267267267267,67.8299567480559,28.8809991321336
"615",14.7507507507508,76.9433983066132,31.5122633036592
"616",14.7747747747748,84.9369800690185,32.8576947959735
"617",14.7987987987988,90.7784240577529,33.9812078161411
"618",14.8228228228228,94.0659883058427,34.8297416206677
"619",14.8468468468468,95.2040824549022,34.8121983342837
"620",14.8708708708709,93.1137631079043,34.8359095202269
"621",14.8948948948949,88.6088162460294,34.246767622254
"622",14.9189189189189,81.8439002171893,32.5139728889605
"623",14.9429429429429,73.5438833093061,31.1778093688568
"624",14.966966966967,64.2799644632177,29.9115828452068
"625",14.990990990991,54.652139915,28.3130708695964
"626",15.015015015015,45.3896729098933,27.1539454175107
"627",15.039039039039,36.7389599463616,26.3676534779321
"628",15.0630630630631,29.3107138265737,26.3005949660129
"629",15.0870870870871,23.3121740403936,27.5901222446765
"630",15.1111111111111,18.6024580785938,29.2861497514592
"631",15.1351351351351,14.8464301606916,32.4031366985107
"632",15.1591591591592,12.2402419650106,37.324447390075
"633",15.1831831831832,10.7215770645844,42.3103457728147
"634",15.2072072072072,9.92238771644144,48.8018663036127
"635",15.2312312312312,9.8503342281793,55.117918733217
"636",15.2552552552553,9.50416630213434,61.4824117694848
"637",15.2792792792793,9.94023126459225,67.5311498991112
"638",15.3033033033033,9.91731332534937,72.0804919300423
"639",15.3273273273273,9.9543197316351,75.2039197972946
"640",15.3513513513514,10.2542255266313,76.0348595490422
"641",15.3753753753754,10.0802729638017,75.0403371738321
"642",15.3993993993994,9.5714016974155,71.5136090537556
"643",15.4234234234234,9.35895155310062,66.7971916673216
"644",15.4474474474474,8.75199685857595,60.3807553878785
"645",15.4714714714715,8.00247593434235,53.1136938741233
"646",15.4954954954955,7.16966311175808,45.2151930342946
"647",15.5195195195195,6.23804218718376,37.5387545993692
"648",15.5435435435435,5.53490120963781,29.9251927165794
"649",15.5675675675676,4.41389715194647,23.3948668720911
"650",15.5915915915916,3.63937413595551,17.7983973906903
"651",15.6156156156156,3.11129505511796,12.8825337891069
"652",15.6396396396396,2.56616300785851,9.74787050944565
"653",15.6636636636637,1.99549469986186,6.76910986479418
"654",15.6876876876877,1.39292513881909,4.09317488978702
"655",15.7117117117117,0.990900949608533,2.76208559467086
"656",15.7357357357357,0.980072141297371,1.72807944397346
"657",15.7597597597598,0.685007674633953,1.34321700824502
"658",15.7837837837838,0.551577997937765,0.624278509556383
"659",15.8078078078078,0.191849386262107,0.595975601170625
"660",15.8318318318318,0.057990373625063,0.184355231083557
"661",15.8558558558559,0.110640259995781,0.000881619531348336
"662",15.8798798798799,0.242164321668738,-0.210437458284109
"663",15.9039039039039,0.227387990582959,0.043774913785862
"664",15.9279279279279,-0.0948495414126445,-0.181954386621389
"665",15.951951951952,0.0738864781589217,-0.167016550979519
"666",15.975975975976,0.191925655209274,-0.317960089977206
"667",16,0.091076121254057,0.112399968477321
"668",16.024024024024,0.149589069077355,-0.368392663879269
"669",16.048048048048,-0.0127245395691378,0.14742257686208
"670",16.0720720720721,0.188282167976249,-0.00751794354705787
"671",16.0960960960961,-0.0262543843965859,0.123849904599055
"672",16.1201201201201,0.0398489837851861,-0.045604299981444
"673",16.1441441441441,-0.180703653088194,0.169736187327684
"674",16.1681681681682,0.052822527041289,-0.0732987735567813
"675",16.1921921921922,0.178094445902235,-0.0720658981294564
"676",16.2162162162162,-0.0638866945774831,0.260253795493176
"677",16.2402402402402,0.156916849848924,-0.0162464414109029
"678",16.2642642642643,0.199159113863464,0.039381304244454
"679",16.2882882882883,-0.142042761937153,0.112391147819158
"680",16.3123123123123,0.158724718056553,0.351710661479327
"681",16.3363363363363,0.12325473534819,-0.125591924629886
"682",16.3603603603604,-0.0831281794999413,-0.0641303258078175
"683",16.3843843843844,0.163739386728065,0.20031317113126
"684",16.4084084084084,0.0413497593187279,-0.110935816597641
"685",16.4324324324324,0.139451040026338,-0.110684805446581
"686",16.4564564564565,0.0426193478192206,-0.1117203928504
"687",16.4804804804805,-0.0818632656573136,0.0755476675003013
"688",16.5045045045045,0.173081908591523,0.226169372536408
"689",16.5285285285285,0.152127287526639,0.0226522943936689
"690",16.5525525525526,-0.0926324173203083,0.111805306561301
"691",16.5765765765766,0.130049161877461,-0.384129147976635
"692",16.6006006006006,-0.0716612192867965,0.0158062447793786
"693",16.6246246246246,-0.0699266660976627,0.032581017445773
"694",16.6486486486486,0.107426501710689,0.0339028586633503
"695",16.6726726726727,0.0990442837783477,0.0655702172778547
"696",16.6966966966967,0.0402726119759585,-0.0846483108587563
"697",16.7207207207207,0.134571296628658,-0.0654373150318861
"698",16.7447447447447,0.0174830054305792,-0.0475667354650795
"699",16.7687687687688,-0.0308077705372032,-0.00839878125116228
"700",16.7927927927928,-0.00685253745875968,0.14482629308477
"701",16.8168168168168,-0.176162634612992,-0.269031777046621
"702",16.8408408408408,-0.0354650844540444,0.00887359790503975
"703",16.8648648648649,-0.185780173623934,-0.278101903293282
"704",16.8888888888889,0.000136308940127501,-0.0122652293182909
"705",16.9129129129129,-0.19518538092263,0.173786372598261
"706",16.9369369369369,0.114881354412064,-0.0676259381696581
"707",16.960960960961,-0.0171653024014086,0.0281342020258308
"708",16.984984984985,0.186948437653482,-0.020573712605983
"709",17.009009009009,-0.191849411185831,0.00976516157388688
"710",17.033033033033,-0.193863441357389,0.152516159042716
"711",17.0570570570571,-0.0987455597706139,0.0825460919179022
"712",17.0810810810811,0.140122692473233,-0.068705016374588
"713",17.1051051051051,-0.173303700992838,0.0110096995718777
"714",17.1291291291291,0.0462433263566345,-0.0873259180225431
"715",17.1531531531532,-0.20510725799948,-0.216798045858741
"716",17.1771771771772,-0.0562167428899556,0.311541863810271
"717",17.2012012012012,-0.0769242245238274,0.218228943273425
"718",17.2252252252252,-0.0636289453133941,0.0739175054244697
"719",17.2492492492492,0.212452649129555,-0.189522585459053
"720",17.2732732732733,-0.141897647613659,-0.0840749622322619
"721",17.2972972972973,0.0977264238055795,0.0137991983443499
"722",17.3213213213213,0.0518505250103771,0.0185538236051798
"723",17.3453453453453,0.0771152031328529,-0.0180360012687743
"724",17.3693693693694,0.0652842359617352,-0.0706774110905826
"725",17.3933933933934,-0.0844818445108831,-0.161725599132478
"726",17.4174174174174,0.188832129100338,-0.111859037540853
"727",17.4414414414414,-0.157797412611544,-0.208039879985154
"728",17.4654654654655,0.139650554060936,0.211428745742887
"729",17.4894894894895,0.0479670022893697,-0.0378388213925063
"730",17.5135135135135,-0.143714500563219,-0.0492520763538778
"731",17.5375375375375,0.171597523223609,0.275323489308357
"732",17.5615615615616,0.188176675103605,0.249527915474027
"733",17.5855855855856,0.203430599942803,0.167867417447269
"734",17.6096096096096,-0.153330917181447,0.21759009277448
"735",17.6336336336336,0.194577349927276,0.179299760330468
"736",17.6576576576577,0.0733012767229229,0.222712128143758
"737",17.6816816816817,0.163993393937126,0.259358097519725
"738",17.7057057057057,0.160854787044227,0.0500486355274916
"739",17.7297297297297,-0.054440010022372,0.319254157040268
"740",17.7537537537538,-0.0461106451787055,-0.0487292245030403
"741",17.7777777777778,-0.000347569966688759,0.0275872809812427
"742",17.8018018018018,0.0215083481557667,-0.104085735976696
"743",17.8258258258258,0.124801734760404,-0.152418373245746
"744",17.8498498498498,0.151867993650958,-0.0250986925326288
"745",17.8738738738739,0.0714375471323728,-0.335635888762772
"746",17.8978978978979,0.102113952003419,-0.00505150584504011
"747",17.9219219219219,-0.000660048956051471,-0.0973897691816091
"748",17.9459459459459,-0.179023341191933,0.228899670485407
"749",17.96996996997,-0.0734781489148736,0.287531326338649
"750",17.993993993994,-0.00374609585851431,-0.193591249734163
"751",18.018018018018,0.00795847157016398,-0.0552954053506255
"752",18.042042042042,-0.161300094947219,-0.0743054622784257
"753",18.0660660660661,-0.00153047537431121,-0.163086900860071
"754",18.0900900900901,0.0831928441021591,0.204941435996443
"755",18.1141141141141,0.182576645063236,0.218066842202097
"756",18.1381381381381,-0.0485016112681478,-0.0462216328829527
"757",18.1621621621622,-0.0855866257473826,0.372843410167843
"758",18.1861861861862,0.00174321122467519,-0.042891807295382
"759",18.2102102102102,0.0563508269749582,0.106935494579375
"760",18.2342342342342,-0.167534822588786,-0.175746294949204
"761",18.2582582582583,0.0848717054724693,-0.0539793410338461
"762",18.2822822822823,0.0289318604953587,-0.226499090902507
"763",18.3063063063063,0.0868450754880905,-0.067541591078043
"764",18.3303303303303,-0.0975140470452606,-0.196903683524579
"765",18.3543543543544,-0.137253483776003,-0.0237118367105723
"766",18.3783783783784,-0.132060235142708,0.348097586724907
"767",18.4024024024024,0.0343145125731826,0.0467082828283309
"768",18.4264264264264,-0.0321999346930534,0.194517352432012
"769",18.4504504504505,-0.109435744918883,-0.157035317830741
"770",18.4744744744745,0.116974786510691,-0.263138347305357
"771",18.4984984984985,-0.0341426666174084,-0.34988300325349
"772",18.5225225225225,0.149110383242369,-0.0274768139235675
"773",18.5465465465465,0.0627137058414519,-0.0339256045408546
"774",18.5705705705706,-0.181059782709926,-0.148434970527887
"775",18.5945945945946,0.112225438794121,0.128138438425958
"776",18.6186186186186,0.122221458544955,0.117227091826498
"777",18.6426426426426,0.0174077671859414,0.210475693643093
"778",18.6666666666667,-0.0441234687808901,-0.187065918836743
"779",18.6906906906907,-0.0890103559568524,-0.0093738107010722
"780",18.7147147147147,0.100098378360271,-0.207003883738071
"781",18.7387387387387,0.038534340467304,0.0116150511428714
"782",18.7627627627628,0.058296864638105,0.173209400288761
"783",18.7867867867868,-0.0253225018456578,0.0300355316139758
"784",18.8108108108108,-0.0549254731461406,-0.273128394968808
"785",18.8348348348348,0.0872399329207837,-0.034746584109962
"786",18.8588588588589,0.0785432218294591,-0.301309839077294
"787",18.8828828828829,-0.189402256254107,0.00505203269422055
"788",18.9069069069069,0.200036091534421,-0.123773485794663
"789",18.9309309309309,0.0939506742265075,0.204530992358923
"790",18.954954954955,-0.0455977546889335,-0.265901774447411
"791",18.978978978979,0.164982150904834,0.188816415891051
"792",19.003003003003,-0.152052737083286,0.176334156747907
"793",19.027027027027,0.190708546899259,-0.154625100828707
"794",19.0510510510511,-0.158888907181099,0.211519687250256
"795",19.0750750750751,0.0991228004451841,0.0114475417882204
"796",19.0990990990991,-0.174712771410122,0.0444108625873923
"797",19.1231231231231,-0.0581822427362204,-0.128773313108832
"798",19.1471471471471,0.0320668519567698,-0.167312201205641
"799",19.1711711711712,-0.130563965719193,0.156274339463562
"800",19.1951951951952,-0.0756235235743224,0.0108465641736984
"801",19.2192192192192,-0.0710792898200452,0.0242191107943654
"802",19.2432432432432,-0.0303923217579722,0.0787166265770793
"803",19.2672672672673,0.00596357088536025,0.218392905499786
"804",19.2912912912913,0.0724290641676635,0.165132233314216
"805",19.3153153153153,0.0266055528447032,0.19095717323944
"806",19.3393393393393,-0.179599314630032,-0.295717929024249
"807",19.3633633633634,0.123914626361802,0.233242369443178
"808",19.3873873873874,0.135333054568618,0.0599612601101398
"809",19.4114114114114,0.0141453376505524,-0.102219224255532
"810",19.4354354354354,-0.0984170360770076,-0.329102723579854
"811",19.4594594594595,0.12784424177371,-0.0494552535936236
"812",19.4834834834835,0.00336022554896771,0.114490200392902
"813",19.5075075075075,0.187920174365863,-0.147845820616931
"814",19.5315315315315,-0.124074751595035,0.171526934765279
"815",19.5555555555556,0.135691762045026,0.0975728291086852
"816",19.5795795795796,-0.0640142895188183,-0.128106345888227
"817",19.6036036036036,-0.135913358135149,-0.166256276052445
"818",19.6276276276276,0.00371129453182219,0.147734259907156
"819",19.6516516516517,0.0973140131123364,0.246712467819452
"820",19.6756756756757,0.0220802497398108,0.0170869540423154
"821",19.6996996996997,0.0946612951252609,0.301134320814162
"822",19.7237237237237,-0.0343491401430219,0.0116105923429131
"823",19.7477477477477,-0.128179931053892,-0.159249991551042
"824",19.7717717717718,-0.172018771031871,0.185806948505342
"825",19.7957957957958,-0.0571816672943532,-0.0931798335164785
"826",19.8198198198198,-0.13648592707701,0.118320952821523
"827",19.8438438438438,0.0566010455135256,0.244481450784951
"828",19.8678678678679,0.0123461335804313,0.253745333850384
"829",19.8918918918919,0.0215787279326469,-0.178026907891035
"830",19.9159159159159,-0.158123297542334,0.252830986119807
"831",19.9399399399399,-0.123281627977267,-0.157565618585795
"832",19.963963963964,0.152341968212277,0.124872594326734
"833",19.987987987988,-0.0403314601443708,-0.248890749085694
"834",20.012012012012,0.156753150401637,-0.198381718993187
"835",20.036036036036,0.0464767065458,-0.151308356411755
"836",20.0600600600601,-0.0594378756452352,0.152046044822782
"837",20.0840840840841,-0.0527340710815042,-0.0285715543664992
"838",20.1081081081081,0.0711164581403136,-0.180540759023279
"839",20.1321321321321,-0.184249740736559,0.0111020910553634
"840",20.1561561561562,0.0779435488861054,0.00243120202794672
"841",20.1801801801802,0.0294859783165157,0.240337016340345
"842",20.2042042042042,-0.102515625273809,-0.318320177588612
"843",20.2282282282282,0.0238172912877053,-0.12158830286935
"844",20.2522522522523,-0.0770522745233029,0.0293267900124192
"845",20.2762762762763,-0.0480228674877435,-0.0778839980252087
"846",20.3003003003003,-0.085273601245135,0.121375395450741
"847",20.3243243243243,-0.0358551325183362,0.0236125154420733
"848",20.3483483483483,-0.151951167024672,0.0922704715281725
"849",20.3723723723724,0.0954915026947856,-0.231901818234473
"850",20.3963963963964,0.211366377994418,-0.29453885667026
"851",20.4204204204204,-0.157692904248834,-0.0747592247091233
"852",20.4444444444444,-0.0151941293198615,-0.00377521822229027
"853",20.4684684684685,-0.185224337419495,-0.302747521083802
"854",20.4924924924925,0.108160752207041,-0.167130364105105
"855",20.5165165165165,0.0262670569680631,-0.0772914612665772
"856",20.5405405405405,0.188066430520266,-0.00260219061747194
"857",20.5645645645646,-0.158633045442402,0.134704068861902
"858",20.5885885885886,0.143138845069334,0.0746947368606925
"859",20.6126126126126,0.152386933472007,0.078576613496989
"860",20.6366366366366,0.147636970514432,-0.101801829412579
"861",20.6606606606607,0.0676467497553676,0.0614231423474848
"862",20.6846846846847,0.160399854397401,-0.0562436404637992
"863",20.7087087087087,0.025570749854669,0.102431561797857
"864",20.7327327327327,-0.0921693707257509,0.161778010707348
"865",20.7567567567568,0.2080058406014,0.166800857614726
"866",20.7807807807808,0.064507631054148,-0.30117866480723
"867",20.8048048048048,0.115514783514664,0.225526550970972
"868",20.8288288288288,-0.0920121243875474,-0.201260189246386
"869",20.8528528528529,-0.0867496618349105,0.0729487177915871
"870",20.8768768768769,0.0669230057485401,0.00525975748896601
"871",20.9009009009009,-0.0953002122417092,0.229283414874226
"872",20.9249249249249,-0.010723557844758,0.132496330793947
"873",20.9489489489489,-0.0483271909877658,0.031003747228533
"874",20.972972972973,0.088043143292889,0.0185829999856651
"875",20.996996996997,0.137589278044179,0.13976118825376
"876",21.021021021021,0.00922229394316674,0.276457810401916
"877",21.045045045045,0.033306041136384,-0.123910375777632
"878",21.0690690690691,-0.00579815628938376,-0.128359300736338
"879",21.0930930930931,-0.0591669353656471,-0.0786119259893894
"880",21.1171171171171,0.0642063344735652,0.205813908297568
"881",21.1411411411411,0.151999962972477,-0.0848277612589299
"882",21.1651651651652,-0.0102325395587832,-0.245976954791695
"883",21.1891891891892,0.00875199467875065,-0.116764163598418
"884",21.2132132132132,0.146438615135848,0.319515423569828
"885",21.2372372372372,-0.0952441909536719,0.0669563276693224
"886",21.2612612612613,0.0483440851420164,0.214736197981983
"887",21.2852852852853,-0.00521656635217367,0.033669594861567
"888",21.3093093093093,-0.0963327174074948,0.103900040406734
"889",21.3333333333333,0.110626416038722,0.116722963750362
"890",21.3573573573574,-0.0775939919706434,-0.0310540553182363
"891",21.3813813813814,-0.108140377607197,-0.127279806043953
"892",21.4054054054054,-0.153369680428877,-0.211349624488503
"893",21.4294294294294,-0.0863381593860686,0.0137724535539746
"894",21.4534534534535,0.155183303402737,-0.0840292457491159
"895",21.4774774774775,-0.100178986126557,-0.102079159766436
"896",21.5015015015015,-0.00922819869592786,-0.0649886125698685
"897",21.5255255255255,-0.159469905635342,-0.133938060235232
"898",21.5495495495495,-0.18620073360391,0.0282453007064759
"899",21.5735735735736,-0.0575046046450734,0.159495036210865
"900",21.5975975975976,-0.0390397296939045,0.0469556474126875
"901",21.6216216216216,-0.138221072275192,-0.211482734140009
"902",21.6456456456456,0.0964178354572504,-0.0109898816794157
"903",21.6696696696697,-0.133023215821013,-0.14397786995396
"904",21.6936936936937,-0.140903668459505,0.117644853144884
"905",21.7177177177177,0.106776738511398,-0.190805134829134
"906",21.7417417417417,-0.0097279800940305,-0.0417354376986623
"907",21.7657657657658,-0.00892794861458242,0.0439084323123097
"908",21.7897897897898,-0.0062216073833406,0.224146143253893
"909",21.8138138138138,-0.0278348483052105,0.310710880160332
"910",21.8378378378378,0.138051181174815,0.0276405343785882
"911",21.8618618618619,-0.0360225769784301,-0.0311896987259388
"912",21.8858858858859,-0.0660753276012838,0.0069246062077582
"913",21.9099099099099,-0.164835354844108,0.287942848075181
"914",21.9339339339339,-0.0752556958142668,-0.14932522252202
"915",21.957957957958,-0.126400156999007,-0.0289648619480431
"916",21.981981981982,-0.187125254366547,0.181126693170518
"917",22.006006006006,0.172804755596444,-0.298650384042412
"918",22.03003003003,0.0932839580439031,0.26997706303373
"919",22.0540540540541,0.14146345150657,-0.350200918782502
"920",22.0780780780781,-0.175578613942489,-0.0535574885085225
"921",22.1021021021021,0.0897284080740064,0.00792152425274251
"922",22.1261261261261,-0.165721670612693,0.131097070500255
"923",22.1501501501502,-0.0253991668950766,0.156170403771102
"924",22.1741741741742,-0.147645083880052,0.102830087393522
"925",22.1981981981982,0.106760550327599,0.108530418761074
"926",22.2222222222222,0.124637039499357,0.0486184767447412
"927",22.2462462462462,-0.142632871000096,0.0254255254752934
"928",22.2702702702703,0.156690599434078,0.240733410976827
"929",22.2942942942943,-0.0871166469529271,-0.114263905677944
"930",22.3183183183183,-0.0165296925418079,-0.229034079052508
"931",22.3423423423423,0.212714593969285,-0.135886529553682
"932",22.3663663663664,-0.166057124482468,-0.121554282587022
"933",22.3903903903904,0.0625023090559989,-0.00910996608436107
"934",22.4144144144144,0.161410465771332,0.134577780775726
"935",22.4384384384384,-0.159142811242491,0.250746423657983
"936",22.4624624624625,-0.0922463756520301,0.135988692566752
"937",22.4864864864865,0.0632209875341505,-0.277020837087184
"938",22.5105105105105,0.104575436608866,0.226857152674347
"939",22.5345345345345,-0.180112148467451,-0.206241874955594
"940",22.5585585585586,0.166671697432175,-0.256960744597018
"941",22.5825825825826,-0.147299634860828,0.0695839405991137
"942",22.6066066066066,0.0154571858886629,0.200883357506245
"943",22.6306306306306,-0.196087979748845,-0.184255101904273
"944",22.6546546546547,0.0805485785286873,-0.00194004541262985
"945",22.6786786786787,-0.199638140043244,-0.269276666920632
"946",22.7027027027027,-0.0507700332440436,0.198735016025603
"947",22.7267267267267,-0.0716936422791332,-0.192443259060383
"948",22.7507507507508,-0.0547384332120418,-0.103544028662145
"949",22.7747747747748,0.0170320081710815,0.170588044263422
"950",22.7987987987988,0.113962945556268,-0.0803255379199981
"951",22.8228228228228,0.0955188710708171,0.0431142485700547
"952",22.8468468468468,-0.0270236804708839,-0.106456961017102
"953",22.8708708708709,-0.0548964384477585,0.0292181725613772
"954",22.8948948948949,-0.190932308668271,0.145008862111717
"955",22.9189189189189,-0.12452064380981,-0.0100209871307015
"956",22.9429429429429,0.161181407179683,-0.0732194880954921
"957",22.966966966967,-0.0384989737253636,-0.318267061188817
"958",22.990990990991,-0.125273747192696,0.209337897505611
"959",23.015015015015,0.059393967743963,-0.232965566869825
"960",23.039039039039,-0.0970206113532185,-0.29971228595823
"961",23.0630630630631,0.0918270528782159,-0.221112945117056
"962",23.0870870870871,0.0517033310886472,-0.331739554926753
"963",23.1111111111111,-0.0942435595393181,-0.214631905406713
"964",23.1351351351351,-0.141183211170137,-0.0281976922415197
"965",23.1591591591592,-0.170156010184437,-0.0592537829652428
"966",23.1831831831832,0.146436712285504,-0.202130936924368
"967",23.2072072072072,0.0358755600545555,0.0530691558495163
"968",23.2312312312312,0.0883540002070367,-0.34065052838996
"969",23.2552552552553,0.186518227728084,0.245286786090583
"970",23.2792792792793,0.202147558387369,-0.0965296750888228
"971",23.3033033033033,0.163961008898914,-0.177931934781372
"972",23.3273273273273,0.0513947147224098,-0.0259597309865057
"973",23.3513513513514,0.0566686187870801,-0.0776262503117322
"974",23.3753753753754,-0.165021709166467,0.192452735733241
"975",23.3993993993994,-0.0867393826972693,0.171219814103097
"976",23.4234234234234,0.0309050071798265,0.34615014558658
"977",23.4474474474474,0.141008823150769,0.0625096005387604
"978",23.4714714714715,-0.0924254604615271,0.167779184691608
"979",23.4954954954955,-0.0222595467977226,-0.253664359916001
"980",23.5195195195195,-0.0423906698450446,0.0330231165513396
"981",23.5435435435435,0.0110838420130312,0.00492641553282736
"982",23.5675675675676,-0.114356576483697,-0.0986738255247473
"983",23.5915915915916,-0.0199462439585477,0.147704747319221
"984",23.6156156156156,-0.196804116070271,0.148727190960199
"985",23.6396396396396,-0.114541493728757,-0.164835566468537
"986",23.6636636636637,0.128291526464745,0.11996061084792
"987",23.6876876876877,0.172520948648453,-0.144249842409044
"988",23.7117117117117,-0.127562276730314,-0.262953253556043
"989",23.7357357357357,0.191663880404085,0.0868478200398385
"990",23.7597597597598,0.11158028870821,-0.0397454150021076
"991",23.7837837837838,-0.159445366403088,0.317723016534
"992",23.8078078078078,0.188394462652504,0.0481256306171417
"993",23.8318318318318,-0.144766918839887,0.210357906483114
"994",23.8558558558559,-0.0522569405101239,0.128107939474285
"995",23.8798798798799,0.147506737224758,-0.0917197469621896
"996",23.9039039039039,0.171479240069166,0.213573941309005
"997",23.9279279279279,-0.166930652707815,0.130495761521161
"998",23.951951951952,-0.0983271171059459,-0.0678825560957193
"999",23.975975975976,-0.113783193826675,0.206364484317601
"1000",24,-0.0531964770145714,0.0167451509274542
